,Cleaned_Headline
0,"Horizon Kinetics: Chinese Tech Has Boosted Apple (AAPL), the Second Highest-Weighted Company in the S&P 500"
1,This investor has a huge bet on Berkshire Hathaway and says Apple is overvalued
2,Major Shareholders Planning to Force Apple to Reveal Use of AI
3,"Apple, Kai Fa Zhe Xiang keni[macOS 14.4 Sonoma Beta 5] ya[iOS/iPadOS 17.4 RC] , [visionOS 1.1 Beta 4] nadowoGong Kai . [iOS 16.7.6] ya[iOS 15.8.2] moRCni."
4,Apple reportedly ends its longtime plans to build a self-driving EV
5,Apple Stock Could Notch New Record High
6,AAPL investors don't care that the Apple Car is cancelled
7,Will Apple create a better AI? Questions abound as Tim Cook hints at what's to come.
8,Apple shareholders reject AI-disclosure proposal
9,Microsoft hasn't been worth this much more than Apple since 2003
10,Will Apple Acquire Rivian? 1 Wall Street Analyst Thinks it Should
11,"Mi Belkin, Apple TVnoFaceTimeapurideiPhonewoWebkameranisuruLian Xi kameraJi Neng Yong nomaunto[iPhone Mount with MagSafe for Apple TV 4K] woFa Biao ."
12,Apple AI and why investors should expect revenue growth
13,"Chinese smartphone sales fall, customers unimpressed by Apple's new iPhone model"
14,Apple's stock is in a 'funk.' Could Warren Buffett be selling more shares?
15,"Apple stock falls to lowest level this year, while other tech companies see AI-fuelled rally"
16,"Apple, Fu Shu noCui Ruo Xing woXiu Zheng shita[macOS 12.7.4 Monterey] , [macOS 13.6.5 Ventura] oyobi[Safari 17.4] woriri-su."
17,Apple: Reasons For Selloff & How It May Present An Opportunity (Rating Downgrade) (AAPL)
18,"Stocks Fade After Jobs Report; Salesforce, Apple Leads Dow Jones; Nvidia Reverses Sharply Lower"
19,Apple MacBook Air 2024 review: The best keeps getting better
20,"Apple, DEATH STRANDING DIRECTOR'S CUTyaBIOHAZARD RE:4/VILLAGE, Straynadonoge-mutaitorugaTe Bie Jia Ge deFan Mai surukiyanpe-nwoMac App StoredeKai Cui ."
21,"Apple's iPhone business has been sluggish, but here's the good news"
22,"Down 10% This Year, Will Gen AI Tools Help Apple Stock Recover?"
23,How To Earn $500 A Month From Apple Stock
24,Apple Enters Oversold Territory
25,Misleading talk about iPhone demand in China costs Apple $490 million
26,Is Apple (AAPL) Facing Increasing Risk of Chinese Bans?
27,"Analysts mostly non-plussed by DoJ suit, and believe Apple will win"
28,Apple's Days of Smartphone Monopoly Are Coming To An End
29,"Jim Cramer throws cold water on DOJ's lawsuit against Apple, calls it a 'buying opportunity'"
30,"Jason Cases, ApplenoVision ProtoZhou Bian Ji Qi woAn Quan niYun beru[Apple Vision Pro Case] woFa Mai ."
31,Major Shareholders Planning to Force Apple to Reveal Use of AI
32,"Apple, Kai Fa Zhe Xiang keni[macOS 14.4 Sonoma Beta 5] ya[iOS/iPadOS 17.4 RC] , [visionOS 1.1 Beta 4] nadowoGong Kai . [iOS 16.7.6] ya[iOS 15.8.2] moRCni."
33,Apple reportedly ends its longtime plans to build a self-driving EV
34,Apple Stock Could Notch New Record High
35,AAPL investors don't care that the Apple Car is cancelled
36,Will Apple create a better AI? Questions abound as Tim Cook hints at what's to come.
37,Apple shareholders reject AI-disclosure proposal
38,Microsoft hasn't been worth this much more than Apple since 2003
39,Will Apple Acquire Rivian? 1 Wall Street Analyst Thinks it Should
40,"Mi Belkin, Apple TVnoFaceTimeapurideiPhonewoWebkameranisuruLian Xi kameraJi Neng Yong nomaunto[iPhone Mount with MagSafe for Apple TV 4K] woFa Biao ."
41,Apple AI and why investors should expect revenue growth
42,"Chinese smartphone sales fall, customers unimpressed by Apple's new iPhone model"
43,Apple's stock is in a 'funk.' Could Warren Buffett be selling more shares?
44,"Apple stock falls to lowest level this year, while other tech companies see AI-fuelled rally"
45,"Apple, Fu Shu noCui Ruo Xing woXiu Zheng shita[macOS 12.7.4 Monterey] , [macOS 13.6.5 Ventura] oyobi[Safari 17.4] woriri-su."
46,Apple: Reasons For Selloff & How It May Present An Opportunity (Rating Downgrade) (AAPL)
47,"Stocks Fade After Jobs Report; Salesforce, Apple Leads Dow Jones; Nvidia Reverses Sharply Lower"
48,Apple MacBook Air 2024 review: The best keeps getting better
49,"Apple, DEATH STRANDING DIRECTOR'S CUTyaBIOHAZARD RE:4/VILLAGE, Straynadonoge-mutaitorugaTe Bie Jia Ge deFan Mai surukiyanpe-nwoMac App StoredeKai Cui ."
50,"Apple's iPhone business has been sluggish, but here's the good news"
51,"Down 10% This Year, Will Gen AI Tools Help Apple Stock Recover?"
52,How To Earn $500 A Month From Apple Stock
53,Apple Enters Oversold Territory
54,Misleading talk about iPhone demand in China costs Apple $490 million
55,Is Apple (AAPL) Facing Increasing Risk of Chinese Bans?
56,"Analysts mostly non-plussed by DoJ suit, and believe Apple will win"
57,Apple's Days of Smartphone Monopoly Are Coming To An End
58,"Jim Cramer throws cold water on DOJ's lawsuit against Apple, calls it a 'buying opportunity'"
59,"Jason Cases, ApplenoVision ProtoZhou Bian Ji Qi woAn Quan niYun beru[Apple Vision Pro Case] woFa Mai ."
60,"Apple, macOS 12 MontereytomacOS 13 VenturaXiang keniWebRTCnoCui Ruo Xing woXiu Zheng shita[Safari v17.4.1] woriri-su."
61,Soft Landing Still The Narrative & Stock Of The Week: Apple (AAPL)
